metab,NAA+NAAG,Cr+PCr,GPC+Pcho,Glu,Ins,Tau,MM
decay_b0,,,,,,,
decay_b1,,,,,,,
decay_b3,,,,,,,
decay_b6,,,,,,,
decay_b10,,,,,,,
decay_b20,,,,,,,
decay_b30,,,,,,,
decay_b40,,,,,,,
decay_b50,,,,,,,
relative_conc_b0_tCr,,,,,,,
diff_GT_b0,,,,,,,
diff_GT_b1,,,,,,,
diff_GT_b3,,,,,,,
diff_GT_b6,,,,,,,
diff_GT_b10,,,,,,,
diff_GT_b20,,,,,,,
diff_GT_b30,,,,,,,
diff_GT_b40,,,,,,,
diff_GT_b50,,,,,,,
GT_fitted_b0,,,,,,,
GT_fitted_b1,,,,,,,
GT_fitted_b3,,,,,,,
GT_fitted_b6,,,,,,,
GT_fitted_b10,,,,,,,
GT_fitted_b20,,,,,,,
GT_fitted_b30,,,,,,,
GT_fitted_b40,,,,,,,
GT_fitted_b50,,,,,,,